unit,geo,year,unemployment_rate
Percentage of total population,Belgium,2014,5.2
Percentage of total population,Belgium,2015,5.2
Percentage of total population,Belgium,2016,4.7
Percentage of total population,Belgium,2017,4.3
Percentage of total population,Belgium,2018,3.6
Percentage of total population,Belgium,2019,3.3
Percentage of total population,Belgium,2020,3.4
Percentage of total population,Belgium,2021,3.8
Percentage of total population,Belgium,2022,3.4
Percentage of total population,Belgium,2023,3.4
Percentage of total population,Belgium,2024,3.5
Percentage of total population,Belgium,2025,3.9
Percentage of total population,Bulgaria,2014,7.4
Percentage of total population,Bulgaria,2015,6.1
Percentage of total population,Bulgaria,2016,5.1
Percentage of total population,Bulgaria,2017,4.4
Percentage of total population,Bulgaria,2018,3.8
Percentage of total population,Bulgaria,2019,3.3
Percentage of total population,Bulgaria,2020,3.7
Percentage of total population,Bulgaria,2021,3.2
Percentage of total population,Bulgaria,2022,2.6
Percentage of total population,Bulgaria,2023,2.7
Percentage of total population,Bulgaria,2024,2.6
Percentage of total population,Bulgaria,2025,2.2
Percentage of total population,Czechia,2014,3.9
Percentage of total population,Czechia,2015,3.3
Percentage of total population,Czechia,2016,2.6
Percentage of total population,Czechia,2017,1.9
Percentage of total population,Czechia,2018,1.5
Percentage of total population,Czechia,2019,1.3
Percentage of total population,Czechia,2020,1.7
Percentage of total population,Czechia,2021,1.9
Percentage of total population,Czechia,2022,1.5
Percentage of total population,Czechia,2023,1.7
Percentage of total population,Czechia,2024,1.8
Percentage of total population,Czechia,2025,1.9
Percentage of total population,Denmark,2014,4.7
Percentage of total population,Denmark,2015,4.2
Percentage of total population,Denmark,2016,4.1
Percentage of total population,Denmark,2017,4.0
Percentage of total population,Denmark,2018,3.5
Percentage of total population,Denmark,2019,3.5
Percentage of total population,Denmark,2020,3.9
Percentage of total population,Denmark,2021,3.6
Percentage of total population,Denmark,2022,3.2
Percentage of total population,Denmark,2023,3.7
Percentage of total population,Denmark,2024,4.6
Percentage of total population,Denmark,2025,4.7
Percentage of total population,Germany,2014,3.2
Percentage of total population,Germany,2015,2.9
Percentage of total population,Germany,2016,2.6
Percentage of total population,Germany,2017,2.4
Percentage of total population,Germany,2018,2.2
Percentage of total population,Germany,2019,2.0
Percentage of total population,Germany,2020,2.5
Percentage of total population,Germany,2021,2.5
Percentage of total population,Germany,2022,2.2
Percentage of total population,Germany,2023,2.2
Percentage of total population,Germany,2024,2.4
Percentage of total population,Germany,2025,2.7
Percentage of total population,Estonia,2014,5.0
Percentage of total population,Estonia,2015,4.5
Percentage of total population,Estonia,2016,4.9
Percentage of total population,Estonia,2017,4.2
Percentage of total population,Estonia,2018,3.9
Percentage of total population,Estonia,2019,3.2
Percentage of total population,Estonia,2020,5.0
Percentage of total population,Estonia,2021,4.4
Percentage of total population,Estonia,2022,4.1
Percentage of total population,Estonia,2023,4.7
Percentage of total population,Estonia,2024,5.6
Percentage of total population,Estonia,2025,5.6
Percentage of total population,Ireland,2014,7.8
Percentage of total population,Ireland,2015,6.6
Percentage of total population,Ireland,2016,5.6
Percentage of total population,Ireland,2017,4.5
Percentage of total population,Ireland,2018,3.9
Percentage of total population,Ireland,2019,3.3
Percentage of total population,Ireland,2020,3.8
Percentage of total population,Ireland,2021,4.3
Percentage of total population,Ireland,2022,3.1
Percentage of total population,Ireland,2023,3.1
Percentage of total population,Ireland,2024,3.1
Percentage of total population,Ireland,2025,3.4
Percentage of total population,Greece,2014,15.7
Percentage of total population,Greece,2015,14.8
Percentage of total population,Greece,2016,14.2
Percentage of total population,Greece,2017,13.0
Percentage of total population,Greece,2018,11.7
Percentage of total population,Greece,2019,10.7
Percentage of total population,Greece,2020,10.0
Percentage of total population,Greece,2021,8.6
Percentage of total population,Greece,2022,7.5
Percentage of total population,Greece,2023,6.7
Percentage of total population,Greece,2024,6.2
Percentage of total population,Greece,2025,5.4
Percentage of total population,Spain,2014,16.0
Percentage of total population,Spain,2015,14.5
Percentage of total population,Spain,2016,12.8
Percentage of total population,Spain,2017,11.2
Percentage of total population,Spain,2018,9.9
Percentage of total population,Spain,2019,9.1
Percentage of total population,Spain,2020,9.9
Percentage of total population,Spain,2021,9.6
Percentage of total population,Spain,2022,8.5
Percentage of total population,Spain,2023,8.0
Percentage of total population,Spain,2024,7.4
Percentage of total population,Spain,2025,6.9
Percentage of total population,France,2014,6.5
Percentage of total population,France,2015,6.5
Percentage of total population,France,2016,6.3
Percentage of total population,France,2017,5.9
Percentage of total population,France,2018,5.7
Percentage of total population,France,2019,5.3
Percentage of total population,France,2020,5.0
Percentage of total population,France,2021,4.9
Percentage of total population,France,2022,4.6
Percentage of total population,France,2023,4.7
Percentage of total population,France,2024,4.8
Percentage of total population,France,2025,5.0
Percentage of total population,Croatia,2014,10.0
Percentage of total population,Croatia,2015,9.5
Percentage of total population,Croatia,2016,7.4
Percentage of total population,Croatia,2017,6.4
Percentage of total population,Croatia,2018,4.7
Percentage of total population,Croatia,2019,3.7
Percentage of total population,Croatia,2020,4.2
Percentage of total population,Croatia,2021,4.4
Percentage of total population,Croatia,2022,4.0
Percentage of total population,Croatia,2023,3.6
Percentage of total population,Croatia,2024,3.0
Percentage of total population,Croatia,2025,2.9
Percentage of total population,Italy,2014,7.1
Percentage of total population,Italy,2015,6.7
Percentage of total population,Italy,2016,6.6
Percentage of total population,Italy,2017,6.4
Percentage of total population,Italy,2018,6.1
Percentage of total population,Italy,2019,5.7
Percentage of total population,Italy,2020,5.2
Percentage of total population,Italy,2021,5.3
Percentage of total population,Italy,2022,4.6
Percentage of total population,Italy,2023,4.4
Percentage of total population,Italy,2024,3.8
Percentage of total population,Italy,2025,3.6
Percentage of total population,Cyprus,2014,11.0
Percentage of total population,Cyprus,2015,10.0
Percentage of total population,Cyprus,2016,8.6
Percentage of total population,Cyprus,2017,7.4
Percentage of total population,Cyprus,2018,5.7
Percentage of total population,Cyprus,2019,4.9
Percentage of total population,Cyprus,2020,5.2
Percentage of total population,Cyprus,2021,5.0
Percentage of total population,Cyprus,2022,4.5
Percentage of total population,Cyprus,2023,4.1
Percentage of total population,Cyprus,2024,3.4
Percentage of total population,Cyprus,2025,3.1
Percentage of total population,Latvia,2014,7.2
Percentage of total population,Latvia,2015,6.7
Percentage of total population,Latvia,2016,6.6
Percentage of total population,Latvia,2017,6.0
Percentage of total population,Latvia,2018,5.2
Percentage of total population,Latvia,2019,4.4
Percentage of total population,Latvia,2020,5.7
Percentage of total population,Latvia,2021,5.1
Percentage of total population,Latvia,2022,4.7
Percentage of total population,Latvia,2023,4.5
Percentage of total population,Latvia,2024,4.8
Percentage of total population,Latvia,2025,4.8
Percentage of total population,Lithuania,2014,7.1
Percentage of total population,Lithuania,2015,6.1
Percentage of total population,Lithuania,2016,5.3
Percentage of total population,Lithuania,2017,4.8
Percentage of total population,Lithuania,2018,4.3
Percentage of total population,Lithuania,2019,4.4
Percentage of total population,Lithuania,2020,6.0
Percentage of total population,Lithuania,2021,5.0
Percentage of total population,Lithuania,2022,4.2
Percentage of total population,Lithuania,2023,4.8
Percentage of total population,Lithuania,2024,5.1
Percentage of total population,Lithuania,2025,4.9
Percentage of total population,Luxembourg,2014,3.7
Percentage of total population,Luxembourg,2015,4.3
Percentage of total population,Luxembourg,2016,4.0
Percentage of total population,Luxembourg,2017,3.5
Percentage of total population,Luxembourg,2018,3.6
Percentage of total population,Luxembourg,2019,3.7
Percentage of total population,Luxembourg,2020,4.4
Percentage of total population,Luxembourg,2021,3.5
Percentage of total population,Luxembourg,2022,3.1
Percentage of total population,Luxembourg,2023,3.5
Percentage of total population,Luxembourg,2024,4.3
Percentage of total population,Luxembourg,2025,4.4
Percentage of total population,Hungary,2014,4.5
Percentage of total population,Hungary,2015,4.1
Percentage of total population,Hungary,2016,3.1
Percentage of total population,Hungary,2017,2.6
Percentage of total population,Hungary,2018,2.3
Percentage of total population,Hungary,2019,2.1
Percentage of total population,Hungary,2020,2.7
Percentage of total population,Hungary,2021,2.6
Percentage of total population,Hungary,2022,2.4
Percentage of total population,Hungary,2023,2.8
Percentage of total population,Hungary,2024,3.1
Percentage of total population,Hungary,2025,3.0
Percentage of total population,Malta,2014,3.4
Percentage of total population,Malta,2015,3.2
Percentage of total population,Malta,2016,2.9
Percentage of total population,Malta,2017,2.5
Percentage of total population,Malta,2018,2.5
Percentage of total population,Malta,2019,2.7
Percentage of total population,Malta,2020,3.2
Percentage of total population,Malta,2021,2.5
Percentage of total population,Malta,2022,2.4
Percentage of total population,Malta,2023,2.5
Percentage of total population,Malta,2024,2.3
Percentage of total population,Malta,2025,2.3
Percentage of total population,Netherlands,2014,6.1
Percentage of total population,Netherlands,2015,5.7
Percentage of total population,Netherlands,2016,5.1
Percentage of total population,Netherlands,2017,4.2
Percentage of total population,Netherlands,2018,3.6
Percentage of total population,Netherlands,2019,3.3
Percentage of total population,Netherlands,2020,3.6
Percentage of total population,Netherlands,2021,3.1
Percentage of total population,Netherlands,2022,2.6
Percentage of total population,Netherlands,2023,2.7
Percentage of total population,Netherlands,2024,2.8
Percentage of total population,Netherlands,2025,3.0
Percentage of total population,Austria,2014,4.0
Percentage of total population,Austria,2015,4.1
Percentage of total population,Austria,2016,4.4
Percentage of total population,Austria,2017,4.0
Percentage of total population,Austria,2018,3.6
Percentage of total population,Austria,2019,3.3
Percentage of total population,Austria,2020,4.1
Percentage of total population,Austria,2021,4.2
Percentage of total population,Austria,2022,3.3
Percentage of total population,Austria,2023,3.5
Percentage of total population,Austria,2024,3.6
Percentage of total population,Austria,2025,3.9
Percentage of total population,Poland,2014,5.5
Percentage of total population,Poland,2015,4.6
Percentage of total population,Poland,2016,3.8
Percentage of total population,Poland,2017,3.0
Percentage of total population,Poland,2018,2.4
Percentage of total population,Poland,2019,2.0
Percentage of total population,Poland,2020,1.9
Percentage of total population,Poland,2021,2.1
Percentage of total population,Poland,2022,1.8
Percentage of total population,Poland,2023,1.8
Percentage of total population,Poland,2024,1.8
Percentage of total population,Poland,2025,2.0
Percentage of total population,Portugal,2014,9.2
Percentage of total population,Portugal,2015,8.2
Percentage of total population,Portugal,2016,7.3
Percentage of total population,Portugal,2017,5.9
Percentage of total population,Portugal,2018,4.7
Percentage of total population,Portugal,2019,4.3
Percentage of total population,Portugal,2020,4.5
Percentage of total population,Portugal,2021,4.4
Percentage of total population,Portugal,2022,4.1
Percentage of total population,Portugal,2023,4.4
Percentage of total population,Portugal,2024,4.4
Percentage of total population,Portugal,2025,4.1
Percentage of total population,Romania,2014,4.5
Percentage of total population,Romania,2015,4.5
Percentage of total population,Romania,2016,3.8
Percentage of total population,Romania,2017,3.3
Percentage of total population,Romania,2018,2.9
Percentage of total population,Romania,2019,2.7
Percentage of total population,Romania,2020,3.4
Percentage of total population,Romania,2021,3.2
Percentage of total population,Romania,2022,3.2
Percentage of total population,Romania,2023,3.2
Percentage of total population,Romania,2024,3.1
Percentage of total population,Romania,2025,3.5
Percentage of total population,Slovenia,2014,6.1
Percentage of total population,Slovenia,2015,5.7
Percentage of total population,Slovenia,2016,5.0
Percentage of total population,Slovenia,2017,4.2
Percentage of total population,Slovenia,2018,3.3
Percentage of total population,Slovenia,2019,2.9
Percentage of total population,Slovenia,2020,3.2
Percentage of total population,Slovenia,2021,3.1
Percentage of total population,Slovenia,2022,2.6
Percentage of total population,Slovenia,2023,2.4
Percentage of total population,Slovenia,2024,2.4
Percentage of total population,Slovenia,2025,2.5
Percentage of total population,Slovakia,2014,8.5
Percentage of total population,Slovakia,2015,7.5
Percentage of total population,Slovakia,2016,6.4
Percentage of total population,Slovakia,2017,5.4
Percentage of total population,Slovakia,2018,4.3
Percentage of total population,Slovakia,2019,3.8
Percentage of total population,Slovakia,2020,4.4
Percentage of total population,Slovakia,2021,4.5
Percentage of total population,Slovakia,2022,4.1
Percentage of total population,Slovakia,2023,3.9
Percentage of total population,Slovakia,2024,3.6
Percentage of total population,Slovakia,2025,3.6
Percentage of total population,Finland,2014,5.7
Percentage of total population,Finland,2015,6.1
Percentage of total population,Finland,2016,5.8
Percentage of total population,Finland,2017,5.7
Percentage of total population,Finland,2018,4.9
Percentage of total population,Finland,2019,4.5
Percentage of total population,Finland,2020,5.1
Percentage of total population,Finland,2021,5.2
Percentage of total population,Finland,2022,4.6
Percentage of total population,Finland,2023,5.0
Percentage of total population,Finland,2024,5.8
Percentage of total population,Finland,2025,6.7
Percentage of total population,Sweden,2014,5.8
Percentage of total population,Sweden,2015,5.4
Percentage of total population,Sweden,2016,5.1
Percentage of total population,Sweden,2017,4.9
Percentage of total population,Sweden,2018,4.7
Percentage of total population,Sweden,2019,5.0
Percentage of total population,Sweden,2020,6.2
Percentage of total population,Sweden,2021,6.6
Percentage of total population,Sweden,2022,5.6
Percentage of total population,Sweden,2023,5.8
Percentage of total population,Sweden,2024,6.3
Percentage of total population,Sweden,2025,6.7
Percentage of total population,Iceland,2014,4.0
Percentage of total population,Iceland,2015,3.3
Percentage of total population,Iceland,2016,2.5
Percentage of total population,Iceland,2017,2.3
Percentage of total population,Iceland,2018,2.2
Percentage of total population,Iceland,2019,2.8
Percentage of total population,Iceland,2020,4.3
Percentage of total population,Iceland,2021,4.8
Percentage of total population,Iceland,2022,3.0
Percentage of total population,Iceland,2023,2.8
Percentage of total population,Iceland,2024,2.9
Percentage of total population,Iceland,2025,3.6
Percentage of total population,Norway,2014,2.7
Percentage of total population,Norway,2015,3.4
Percentage of total population,Norway,2016,3.5
Percentage of total population,Norway,2017,3.1
Percentage of total population,Norway,2018,2.8
Percentage of total population,Norway,2019,2.8
Percentage of total population,Norway,2020,3.4
Percentage of total population,Norway,2021,3.2
Percentage of total population,Norway,2022,2.4
Percentage of total population,Norway,2023,2.6
Percentage of total population,Norway,2024,2.9
Percentage of total population,Norway,2025,3.3
Percentage of total population,Switzerland,2014,3.6
Percentage of total population,Switzerland,2015,3.6
Percentage of total population,Switzerland,2016,3.7
Percentage of total population,Switzerland,2017,3.7
Percentage of total population,Switzerland,2018,3.6
Percentage of total population,Switzerland,2019,3.4
Percentage of total population,Switzerland,2020,3.7
Percentage of total population,Switzerland,2021,3.8
Percentage of total population,Switzerland,2022,3.1
Percentage of total population,Switzerland,2023,3.1
Percentage of total population,Switzerland,2024,3.3
Percentage of total population,Switzerland,2025,3.7
Percentage of total population,Montenegro,2014,10.1
Percentage of total population,Montenegro,2015,10.1
Percentage of total population,Montenegro,2016,10.3
Percentage of total population,Montenegro,2017,9.4
Percentage of total population,Montenegro,2018,9.1
Percentage of total population,Montenegro,2019,9.3
Percentage of total population,Montenegro,2020,10.2
Percentage of total population,North Macedonia,2014,16.6
Percentage of total population,North Macedonia,2015,15.3
Percentage of total population,North Macedonia,2016,13.8
Percentage of total population,North Macedonia,2017,13.1
Percentage of total population,North Macedonia,2018,12.2
Percentage of total population,North Macedonia,2019,10.2
Percentage of total population,North Macedonia,2020,9.6
Percentage of total population,North Macedonia,2021,9.0
Percentage of total population,North Macedonia,2022,8.3
Percentage of total population,North Macedonia,2023,7.4
Percentage of total population,North Macedonia,2024,7.0
Percentage of total population,North Macedonia,2025,6.6
Percentage of total population,Serbia,2014,11.5
Percentage of total population,Serbia,2015,10.5
Percentage of total population,Serbia,2016,9.4
Percentage of total population,Serbia,2017,8.4
Percentage of total population,Serbia,2018,8.0
Percentage of total population,Serbia,2019,6.5
Percentage of total population,Serbia,2020,5.5
Percentage of total population,Serbia,2021,6.6
Percentage of total population,Serbia,2022,5.7
Percentage of total population,Serbia,2023,5.8
Percentage of total population,Serbia,2024,5.4
Percentage of total population,Serbia,2025,5.4
Percentage of total population,Türkiye,2014,5.2
Percentage of total population,Türkiye,2015,5.5
Percentage of total population,Türkiye,2016,5.9
Percentage of total population,Türkiye,2017,6.0
Percentage of total population,Türkiye,2018,6.1
Percentage of total population,Türkiye,2019,7.6
Percentage of total population,Türkiye,2020,6.8
Percentage of total population,Türkiye,2021,6.4
Percentage of total population,Türkiye,2022,5.8
Percentage of total population,Türkiye,2023,5.3
Percentage of total population,Türkiye,2024,5.0
Percentage of total population,Türkiye,2025,4.7
Percentage of total population,Bosnia and Herzegovina,2021,9.0
Percentage of total population,Bosnia and Herzegovina,2022,7.9
Percentage of total population,Bosnia and Herzegovina,2023,6.8
Percentage of total population,Bosnia and Herzegovina,2024,6.7
Percentage of total population,Bosnia and Herzegovina,2025,6.6
